{
    "adj_f1": 0.9299719887955182,
    "adj_precision": 0.941398865784499,
    "adj_recall": 0.9188191881918819,
    "auc": 0.863994249479692,
    "delay": 28.857142857142858,
    "raw_f1": 0.13355048859934854,
    "raw_precision": 0.5694444444444444,
    "raw_recall": 0.07564575645756458
}