{
    "test": 3.22531795501709,
    "train": 1.9203870296478271
}