{
    "test": 0.003958463668823242,
    "train": 0.006012916564941406
}