{
    "test": 0.0009937286376953125,
    "train": 0.02755570411682129
}