{
    "adj_f1": 0.9979572887650883,
    "adj_precision": 0.998513563730955,
    "adj_recall": 0.9974016332590943,
    "auc": 0.09929073644082262,
    "delay": 99.39998012000397,
    "raw_f1": 0.11657940663176267,
    "raw_precision": 0.9766081871345029,
    "raw_recall": 0.061989606533036375,
    "test": 58.342862129211426,
    "train": 30.661749124526978
}