{
    "test": 58.342862129211426,
    "train": 30.661749124526978
}