{
    "test": 0.06627297401428223,
    "train": 0.3740880489349365
}