{
    "adj_f1": 0.0,
    "adj_precision": 0.0,
    "adj_recall": 0.0,
    "auc": 0,
    "delay": 0.0,
    "raw_f1": 0.0,
    "raw_precision": 0.0,
    "raw_recall": 0.0,
    "test": 0.000997781753540039,
    "train": 0.0048906803131103516
}