{
    "test": 0.000997781753540039,
    "train": 0.0048906803131103516
}