{
    "adj_f1": 0.8918406072106262,
    "adj_precision": 0.91796875,
    "adj_recall": 0.8671586715867159,
    "auc": 0.868934358400253,
    "delay": 3.7777773580247382,
    "raw_f1": 0.09771986970684039,
    "raw_precision": 0.4166666666666667,
    "raw_recall": 0.055350553505535055,
    "test": 0.22213482856750488,
    "train": 59.980018615722656
}