{
    "test": 0.22213482856750488,
    "train": 59.980018615722656
}