{
    "adj_f1": 0.9466267394750747,
    "adj_precision": 0.9007710358699296,
    "adj_recall": 0.9974016332590943,
    "auc": 0.7159775476529631,
    "delay": 392.0,
    "raw_f1": 0.3282079955269779,
    "raw_precision": 0.6647791619479049,
    "raw_recall": 0.21789161098737936,
    "test": 3.1337838172912598,
    "train": 2.116123914718628
}