{
    "test": 3.1337838172912598,
    "train": 2.116123914718628
}