{
    "adj_f1": 0.9524991137894363,
    "adj_precision": 0.9114654002713705,
    "adj_recall": 0.9974016332590943,
    "auc": 0.7684488924838504,
    "delay": 402.8,
    "raw_f1": 0.3210227272727273,
    "raw_precision": 0.6840193704600485,
    "raw_recall": 0.2097253155159614
}