{
    "test": 3.440208911895752,
    "train": 2.562556028366089
}