{
    "test": 0.03690767288208008,
    "train": 0.006009101867675781
}