{
    "test": 0.006417036056518555,
    "train": 0.025070905685424805
}