{
    "test": 3.2488958835601807,
    "train": 17.230246782302856
}