{
    "test": 0.0646510124206543,
    "train": 0.32230401039123535
}