{
    "test": 3.3740010261535645,
    "train": 2.4310076236724854
}