{
    "test": 0.004950284957885742,
    "train": 0.004995584487915039
}