{
    "adj_f1": 0.8461538461538463,
    "adj_precision": 0.7363387978142076,
    "adj_recall": 0.9944649446494465,
    "auc": 0.12349968558076585,
    "delay": 10.333332185185313,
    "raw_f1": 0.3180778032036613,
    "raw_precision": 0.4186746987951807,
    "raw_recall": 0.2564575645756458,
    "test": 51.672919273376465,
    "train": 26.94585609436035
}