{
    "test": 51.672919273376465,
    "train": 26.94585609436035
}