{
    "adj_f1": 0.9994435169727323,
    "adj_precision": 0.9988876529477196,
    "adj_recall": 1.0,
    "auc": 0.8684253922022942,
    "delay": 3.749999531250059,
    "raw_f1": 0.13614374568071874,
    "raw_precision": 0.985,
    "raw_recall": 0.07312546399406088,
    "test": 0.29713940620422363,
    "train": 76.22378039360046
}