{
    "test": 0.29713940620422363,
    "train": 76.22378039360046
}