{
    "test": 3.5371861457824707,
    "train": 2.6760246753692627
}