{
    "test": 0.006996870040893555,
    "train": 0.027456998825073242
}