{
    "adj_f1": 0.9476486246672582,
    "adj_precision": 0.9128205128205128,
    "adj_recall": 0.985239852398524,
    "auc": 0.8605594587520269,
    "delay": 28.0,
    "raw_f1": 0.20574886535552195,
    "raw_precision": 0.5714285714285714,
    "raw_recall": 0.12546125461254612,
    "test": 2.475454092025757,
    "train": 2.084562063217163
}