{
    "test": 2.475454092025757,
    "train": 2.084562063217163
}