{
    "test": 0.042778968811035156,
    "train": 0.16496801376342773
}