{
    "test": 0.041887760162353516,
    "train": 0.006980419158935547
}