{
    "test": 0.09438610076904297,
    "train": 0.27205586433410645
}