{
    "test": 0.04188871383666992,
    "train": 0.12366867065429688
}