{
    "adj_f1": 0.20375902885451724,
    "adj_precision": 0.11343635521495642,
    "adj_recall": 1.0,
    "auc": 0.07624596728373806,
    "delay": 109.87498626562673,
    "raw_f1": 0.008636592319302366,
    "raw_precision": 0.004868134984403063,
    "raw_recall": 0.03823311061618411,
    "test": 41.835442304611206,
    "train": 680.1632559299469
}