{
    "adj_f1": 0.24133757676274148,
    "adj_precision": 0.137241906704053,
    "adj_recall": 0.9992576095025983,
    "auc": 0.08806082638203426,
    "delay": 160.71426275510532,
    "raw_f1": 0.007819640499644563,
    "raw_precision": 0.0045294117647058825,
    "raw_recall": 0.02858203414996288,
    "test": 38.51731061935425,
    "train": 700.8475670814514
}