{
    "test": 41.835442304611206,
    "train": 680.1632559299469
}