{
    "test": 38.51731061935425,
    "train": 700.8475670814514
}